iir_type,octave,filter_nb,coeff_type,coeff_index,binary_coeff,ansi_valid
butterworth,1,1,b,0,1000101101000000110,False
butterworth,1,1,b,1,0,False
butterworth,1,1,b,2,-100010110100000011000,False
butterworth,1,1,b,3,0,False
butterworth,1,1,b,4,110100001110000100100,False
butterworth,1,1,b,5,0,False
butterworth,1,1,b,6,-100010110100000011000,False
butterworth,1,1,b,7,0,False
butterworth,1,1,b,8,1000101101000000110,False
butterworth,1,1,a,0,1000000000000000000000000000000000000000000000,False
butterworth,1,1,a,1,-111111011000100111101101101000000101110010011001,False
butterworth,1,1,a,2,11011011111011011101111011101110010001000100000011,False
butterworth,1,1,a,3,-110110100011110111101001110110001101000100011010100,False
butterworth,1,1,a,4,1000011101111100101001001100111000100001011111000100,False
butterworth,1,1,a,5,-110101111000100101000110110101100011111011111011110,False
butterworth,1,1,a,6,11010110100000101000101011101011010101010100101110,False
butterworth,1,1,a,7,-111101000011100111000011110100111010011111000110,False
butterworth,1,1,a,8,111100111000101000010101001010010010100011010,False
butterworth,1,2,b,0,10101110010100110111,False
butterworth,1,2,b,1,0,False
butterworth,1,2,b,2,-1010111001010011011101,False
butterworth,1,2,b,3,0,False
butterworth,1,2,b,4,10000010101111101001100,False
butterworth,1,2,b,5,0,False
butterworth,1,2,b,6,-1010111001010011011101,False
butterworth,1,2,b,7,0,False
butterworth,1,2,b,8,10101110010100110111,False
butterworth,1,2,a,0,1000000000000000000000000000000000000000000000,False
butterworth,1,2,a,1,-111111001001111001011110101111011100010000110111,False
butterworth,1,2,a,2,11011010011101100101110101110101000111111011100000,False
butterworth,1,2,a,3,-110110000011111111001100100010011000100111110011010,False
butterworth,1,2,a,4,1000010111111110011101110101100110101110010000001110,False
butterworth,1,2,a,5,-110101001110000001111011101111000110011011110111100,False
butterworth,1,2,a,6,11010011101100111010101100100001010001111111100110,False
butterworth,1,2,a,7,-111100001111101111001011110101000000011001111011,False
butterworth,1,2,a,8,111100000110011010100110100111101100100100110,False
butterworth,1,3,b,0,110110011101111111010,False
butterworth,1,3,b,1,0,False
butterworth,1,3,b,2,-11011001110111111101001,False
butterworth,1,3,b,3,0,False
butterworth,1,3,b,4,101000110110011111011110,False
butterworth,1,3,b,5,0,False
butterworth,1,3,b,6,-11011001110111111101001,False
butterworth,1,3,b,7,0,False
butterworth,1,3,b,8,110110011101111111010,False
butterworth,1,3,a,0,1000000000000000000000000000000000000000000000,False
butterworth,1,3,a,1,-111110110100101111111010110001010010011011010001,False
butterworth,1,3,a,2,11011000011000011110010010011000100110000011110011,False
butterworth,1,3,a,3,-110101010111011001010011100000010101010110011101001,False
butterworth,1,3,a,4,1000001111101111111101010111001000011111101001001100,False
butterworth,1,3,a,5,-110100010100011011001011001000010001011101101001100,False
butterworth,1,3,a,6,11001111111110101101000101001101111100110101010100,False
butterworth,1,3,a,7,-111011001100110101100001000101000110000111000000,False
butterworth,1,3,a,8,111011001000000100010010111010000011000001001,False
butterworth,2,1,b,0,10000111110111101110110,False
butterworth,2,1,b,1,0,False
butterworth,2,1,b,2,-1000011111011110111011001,False
butterworth,2,1,b,3,0,False
butterworth,2,1,b,4,1100101111001110011000110,False
butterworth,2,1,b,5,0,False
butterworth,2,1,b,6,-1000011111011110111011001,False
butterworth,2,1,b,7,0,False
butterworth,2,1,b,8,10000111110111101110110,False
butterworth,2,1,a,0,1000000000000000000000000000000000000000000000,False
butterworth,2,1,a,1,-111110010110000000111000111001011111110100110101,False
butterworth,2,1,a,2,11010101011001110100100110100100100001100111011011,False
butterworth,2,1,a,3,-110100011000011110001110010110000101101000011110110,False
butterworth,2,1,a,4,1000000100010100101110110101110000100110110101001110,False
butterworth,2,1,a,5,-110011000101110110111001100100101001110011011100001,False
butterworth,2,1,a,6,11001011000000111111000010011010010001101101110011,False
butterworth,2,1,a,7,-111001110110010000001001001000011111110101001110,False
butterworth,2,1,a,8,111001111010111100011101101110011100000000010,False
butterworth,2,2,b,0,1010100100000111001111011,False
butterworth,2,2,b,1,0,False
butterworth,2,2,b,2,-101010010000011100111101100,False
butterworth,2,2,b,3,0,False
butterworth,2,2,b,4,111111011000101011011100010,False
butterworth,2,2,b,5,0,False
butterworth,2,2,b,6,-101010010000011100111101100,False
butterworth,2,2,b,7,0,False
butterworth,2,2,b,8,1010100100000111001111011,False
butterworth,2,2,a,0,10000000000000000000000000000000000000000000000,False
butterworth,2,2,a,1,-1111011010001110001011101010101011000100011010000,False
butterworth,2,2,a,2,110100010001101001101111111110001110101101100111110,False
butterworth,2,2,a,3,-1100101111110001110011100001000100011101110001011010,False
butterworth,2,2,a,4,1111101000101110110101100001001011000111111010010100,False
butterworth,2,2,a,5,-1100010110100001111010110111110000100100000111101000,False
butterworth,2,2,a,6,110001000101110000111010010010100101010001011101010,False
butterworth,2,2,a,7,-1110000001011101010110000100100100101010001100011,False
butterworth,2,2,a,8,1110000111000000000000111101100101001111111110,False
butterworth,2,3,b,0,11010001100110101010101111,False
butterworth,2,3,b,1,0,False
butterworth,2,3,b,2,-1101000110011010101010111110,False
butterworth,2,3,b,3,0,False
butterworth,2,3,b,4,10011101001101000000000011101,False
butterworth,2,3,b,5,0,False
butterworth,2,3,b,6,-1101000110011010101010111110,False
butterworth,2,3,b,7,0,False
butterworth,2,3,b,8,11010001100110101010101111,False
butterworth,2,3,a,0,10000000000000000000000000000000000000000000000,False
butterworth,2,3,a,1,-1111001001100000110100001000101110010100111011001,False
butterworth,2,3,a,2,110010101101110110111101000101011111110100110100101,False
butterworth,2,3,a,3,-1100001111111110010010000000000011100011111101000110,False
butterworth,2,3,a,4,1110111100000101001011000100101110111111001100011100,False
butterworth,2,3,a,5,-1011110001100001100001000101101010010110001000000000,False
butterworth,2,3,a,6,101110110110100111101111000101001000010101000000010,False
butterworth,2,3,a,7,-1101011100111000010101110001110010001100001000000,False
butterworth,2,3,a,8,1101101001111101000010101001010011011111110110,False
butterworth,3,1,b,0,1000000101110001011010011001,False
butterworth,3,1,b,1,0,False
butterworth,3,1,b,2,-100000010111000101101001100101,False
butterworth,3,1,b,3,0,False
butterworth,3,1,b,4,110000100010101000011110010111,False
butterworth,3,1,b,5,0,False
butterworth,3,1,b,6,-100000010111000101101001100101,False
butterworth,3,1,b,7,0,False
butterworth,3,1,b,8,1000000101110001011010011001,False
butterworth,3,1,a,0,10000000000000000000000000000000000000000000000,False
butterworth,3,1,a,1,-1110110000100110101011111101011101110101111000101,False
butterworth,3,1,a,2,110000011101000101111011100101100011001100000001100,False
butterworth,3,1,a,3,-1011100010110110001110100100000100011010110001001000,False
butterworth,3,1,a,4,1101111101111001110010100011101000111110111100101000,False
butterworth,3,1,a,5,-1010111110110111101110110010001000010000010010000101,False
butterworth,3,1,a,6,101011110110011100110000010100110110101011010010010,False
butterworth,3,1,a,7,-1100101101001111000011000011101010110010110000011,False
butterworth,3,1,a,8,1101000110101011001101010011010101011000001011,False
butterworth,3,2,b,0,10011111000101101101110000000,False
butterworth,3,2,b,1,0,False
butterworth,3,2,b,2,-1001111100010110110111000000001,False
butterworth,3,2,b,3,0,False
butterworth,3,2,b,4,1110111010100010010010100000001,False
butterworth,3,2,b,5,0,False
butterworth,3,2,b,6,-1001111100010110110111000000001,False
butterworth,3,2,b,7,0,False
butterworth,3,2,b,8,10011111000101101101110000000,False
butterworth,3,2,a,0,10000000000000000000000000000000000000000000000,False
butterworth,3,2,a,1,-1110001011010101001101010111000001101100100011111,False
butterworth,3,2,a,2,101101001100011110101000111100101111111011011101010,False
butterworth,3,2,a,3,-1010100011100110110111010010111011100000000111001111,False
butterworth,3,2,a,4,1100101000100010111100010101111111011110110111010111,False
butterworth,3,2,a,5,-1001111010011010101000000111101100100000010111101101,False
butterworth,3,2,a,6,100111110110100010001100001110010111001101101000110,False
butterworth,3,2,a,7,-1011101111010010111111101010111000110001110110111,False
butterworth,3,2,a,8,1100011100001110101111010010110100111010110101,False
butterworth,3,3,b,0,110000100101011000110100110110,False
butterworth,3,3,b,1,0,False
butterworth,3,3,b,2,-11000010010101100011010011010111,False
butterworth,3,3,b,3,0,False
butterworth,3,3,b,4,100100011100000010100111101000010,False
butterworth,3,3,b,5,0,False
butterworth,3,3,b,6,-11000010010101100011010011010111,False
butterworth,3,3,b,7,0,False
butterworth,3,3,b,8,110000100101011000110100110110,False
butterworth,3,3,a,0,10000000000000000000000000000000000000000000000,False
butterworth,3,3,a,1,-1101010011100010011100110100111000001100001011101,False
butterworth,3,3,a,2,101000100100111011111010110111011101010101000011111,False
butterworth,3,3,a,3,-1001001101001111111010110100101001110111100001110110,False
butterworth,3,3,a,4,1010110110101110001010101010100100000101000010101110,False
butterworth,3,3,a,5,-1000100000010101011100000001011110010010000010000110,False
butterworth,3,3,a,6,100010101000001001000111001110011010100100110011100,False
butterworth,3,3,a,7,-1010011111010010111110100000110010000011110111101,False
butterworth,3,3,a,8,1011101001110001000010111000100001011001010110,False
butterworth,4,1,b,0,1110101110011111101100111110101,False
butterworth,4,1,b,1,0,False
butterworth,4,1,b,2,-111010111001111110110011111010011,False
butterworth,4,1,b,3,0,False
butterworth,4,1,b,4,1011000010110111110001101110111100,False
butterworth,4,1,b,5,0,False
butterworth,4,1,b,6,-111010111001111110110011111010011,False
butterworth,4,1,b,7,0,False
butterworth,4,1,b,8,1110101110011111101100111110101,False
butterworth,4,1,a,0,10000000000000000000000000000000000000000000000,False
butterworth,4,1,a,1,-1100000000011001001101101100000011001011001111000,False
butterworth,4,1,a,2,100010010000001000110010101111101010010000010110101,False
butterworth,4,1,a,3,-111011100101110010001000101100000101111010000111010,False
butterworth,4,1,a,4,1000100110100111010100000100001101000010100000110101,False
butterworth,4,1,a,5,-110101111011000100111011101010001111111000000001101,False
butterworth,4,1,a,6,11100000010111111110010010101101100000001111000110,False
butterworth,4,1,a,7,-1000111001010110011010011000110101100110011110010,False
butterworth,4,1,a,8,1010101110101001111101101011110001010111010101,False
butterworth,4,2,b,0,1000110110001011100000010100001001,False
butterworth,4,2,b,1,0,False
butterworth,4,2,b,2,-100011011000101110000001010000100011,False
butterworth,4,2,b,3,0,False
butterworth,4,2,b,4,110101000101000101000001111000110101,False
butterworth,4,2,b,5,0,False
butterworth,4,2,b,6,-100011011000101110000001010000100011,False
butterworth,4,2,b,7,0,False
butterworth,4,2,b,8,1000110110001011100000010100001001,False
butterworth,4,2,a,0,100000000000000000000000000000000000000000000000,False
butterworth,4,2,a,1,-10100001011110000011010100110101010001001100010011,False
butterworth,4,2,a,2,110100001110110110010111011011100001000110111101010,False
butterworth,4,2,a,3,-1010101010101100001011100001100111000110011011011010,False
butterworth,4,2,a,4,1011111111010000100011111011001000110110101100101100,False
butterworth,4,2,a,5,-1001011001111000101011101000000011101010110111100111,False
butterworth,4,2,a,6,101000100110010001101001010111010011010111101000100,False
butterworth,4,2,a,7,-1101110101000111001001110011011101111101011010010,False
butterworth,4,2,a,8,10011010101011001100011010001010001101100101110,False
butterworth,4,3,b,0,101010000011001010010111001011101010,False
butterworth,4,3,b,1,0,False
butterworth,4,3,b,2,-10101000001100101001011100101110101010,False
butterworth,4,3,b,3,0,False
butterworth,4,3,b,4,11111100010010111110001011000101111111,False
butterworth,4,3,b,5,0,False
butterworth,4,3,b,6,-10101000001100101001011100101110101010,False
butterworth,4,3,b,7,0,False
butterworth,4,3,b,8,101010000011001010010111001011101010,False
butterworth,4,3,a,0,1000000000000000000000000000000000000000000000000,False
butterworth,4,3,a,1,-11101010100110110011110000011011011100011001110101,False
butterworth,4,3,a,2,1000011010101010101001101111111100100001101011101100,False
butterworth,4,3,a,3,-1100011001011001011010111001100101000000010001011110,False
butterworth,4,3,a,4,1101100101010111011010111010111011101001101010001111,False
butterworth,4,3,a,5,-1010100100111011011010000001101010110001010010110010,False
butterworth,4,3,a,6,110001000000110100101111101000000011110110101100101,False
butterworth,4,3,a,7,-10010001100111011110110111011110010011111110101001,False
butterworth,4,3,a,8,100001111001100010111011010111011010011110001110,False
butterworth,5,1,b,0,11000101010000110001010101111011001001,False
butterworth,5,1,b,1,0,False
butterworth,5,1,b,2,-1100010101000011000101010111101100100011,False
butterworth,5,1,b,3,0,False
butterworth,5,1,b,4,10010011111100100101000000011100010110100,False
butterworth,5,1,b,5,0,False
butterworth,5,1,b,6,-1100010101000011000101010111101100100011,False
butterworth,5,1,b,7,0,False
butterworth,5,1,b,8,11000101010000110001010101111011001001,False
butterworth,5,1,a,0,10000000000000000000000000000000000000000000000000,False
butterworth,5,1,a,1,-11100000000110000011001001111110101011000110100110,False
butterworth,5,1,a,2,1000101101100110101111001010001101100001100100100100,False
butterworth,5,1,a,3,-1001001001101100001000000101011101000110010111011110,False
butterworth,5,1,a,4,1011101001010000010100110101010110101011110001100010,False
butterworth,5,1,a,5,-111011111100100101100111100001110110010000011101010,False
butterworth,5,1,a,6,101110110000011000000000110010010101010010101010110,False
butterworth,5,1,a,7,-1111010101110001101001011010011101101001110001111,False
butterworth,5,1,a,8,111001011001011010010101101011000101001011010111,False
butterworth,5,2,b,0,1110001111001111001001000001011101111001,False
butterworth,5,2,b,1,0,False
butterworth,5,2,b,2,-111000111100111100100100000101110111100101,False
butterworth,5,2,b,3,0,False
butterworth,5,2,b,4,1010101011011011010110110001000110011011000,False
butterworth,5,2,b,5,0,False
butterworth,5,2,b,6,-111000111100111100100100000101110111100101,False
butterworth,5,2,b,7,0,False
butterworth,5,2,b,8,1110001111001111001001000001011101111001,False
butterworth,5,2,a,0,100000000000000000000000000000000000000000000000000,False
butterworth,5,2,a,1,10111010111101110000101001000011110111110011110100,False
butterworth,5,2,a,2,1100110010101100100100111111001110010011111001111000,False
butterworth,5,2,a,3,110101111101100110001110011001010000000111101110011,False
butterworth,5,2,a,4,1111000110000001011010011100000100001011100100000001,False
butterworth,5,2,a,5,101001111100111110010100101111111110011100111100001,False
butterworth,5,2,a,6,111101111111001010110110111111011110100100100110110,False
butterworth,5,2,a,7,1010111010101011001011010011000011111010110101010,False
butterworth,5,2,a,8,1011100111011111100111001101101001011011011101100,False
butterworth,5,3,b,0,1000000100111011010101000101001000001011,False
butterworth,5,3,b,1,0,False
butterworth,5,3,b,2,-100000010011101101010100010100100000101101,False
butterworth,5,3,b,3,0,False
butterworth,5,3,b,4,110000011101100011111110011110110001000100,False
butterworth,5,3,b,5,0,False
butterworth,5,3,b,6,-100000010011101101010100010100100000101101,False
butterworth,5,3,b,7,0,False
butterworth,5,3,b,8,1000000100111011010101000101001000001011,False
butterworth,5,3,a,0,1000000000000000000000000000000000000000000000000,False
butterworth,5,3,a,1,11100011011110110101101100011000100011010110010101,False
butterworth,5,3,a,2,111100000111101001000110110001111100100100000110110,False
butterworth,5,3,a,3,1010010100100100000101100010100000011011100100000110,False
butterworth,5,3,a,4,1010011001001111110100010101110110110100110000110101,False
butterworth,5,3,a,5,111011111111001111110000010011101101000110001010111,False
butterworth,5,3,a,6,11111101100111101010011011101000100010000000001011,False
butterworth,5,3,a,7,1010110101111100011111110110111001111110010110000,False
butterworth,5,3,a,8,10001110000010101100001011111010010011101000101,False
chebyshev1,1,1,b,0,10001011000000011,True
chebyshev1,1,1,b,1,0,True
chebyshev1,1,1,b,2,-1000101100000001011,True
chebyshev1,1,1,b,3,0,True
chebyshev1,1,1,b,4,1101000010000010001,True
chebyshev1,1,1,b,5,0,True
chebyshev1,1,1,b,6,-1000101100000001011,True
chebyshev1,1,1,b,7,0,True
chebyshev1,1,1,b,8,10001011000000011,True
chebyshev1,1,1,a,0,1000000000000000000000000000000000000000000000,True
chebyshev1,1,1,a,1,-111111101000100111001011011000011010011011001101,True
chebyshev1,1,1,a,2,11011101101010110001110001000001010011101011000110,True
chebyshev1,1,1,a,3,-110111001101011010100111110010100000001101100100010,True
chebyshev1,1,1,a,4,1000100110100100100011001010110110010000110100010100,True
chebyshev1,1,1,a,5,-110110111101011000010110100111101001110000111010100,True
chebyshev1,1,1,a,6,11011011101010010011011111010110000001001010000111,True
chebyshev1,1,1,a,7,-111110110001011010101010000100010110100101001011,True
chebyshev1,1,1,a,8,111110110110001001101100000101101010100110111,True
chebyshev1,1,2,b,0,101011101011100111,True
chebyshev1,1,2,b,1,0,True
chebyshev1,1,2,b,2,-10101110101110011011,True
chebyshev1,1,2,b,3,0,True
chebyshev1,1,2,b,4,100000110000101101001,True
chebyshev1,1,2,b,5,0,True
chebyshev1,1,2,b,6,-10101110101110011011,True
chebyshev1,1,2,b,7,0,True
chebyshev1,1,2,b,8,101011101011100111,True
chebyshev1,1,2,a,0,1000000000000000000000000000000000000000000000,True
chebyshev1,1,2,a,1,-111111011101111100100001000000100111011110101111,True
chebyshev1,1,2,a,2,11011100101000110100001100000100100000001101101010,True
chebyshev1,1,2,a,3,-110110110111110111010110110110000001111110001100110,True
chebyshev1,1,2,a,4,1000100010101110110101110110101010011101010110001010,True
chebyshev1,1,2,a,5,-110110100011110010111110100001011010011100100000000,True
chebyshev1,1,2,a,6,11011010000111111001000011001101110111011100000101,True
chebyshev1,1,2,a,7,-111110011000101101010011111110000111111011110000,True
chebyshev1,1,2,a,8,111110100011001011001111111010000101000010100,True
chebyshev1,1,3,b,0,1101101101111101111,True
chebyshev1,1,3,b,1,0,True
chebyshev1,1,3,b,2,-110110110111110111100,True
chebyshev1,1,3,b,3,0,True
chebyshev1,1,3,b,4,1010010010011110011010,True
chebyshev1,1,3,b,5,0,True
chebyshev1,1,3,b,6,-110110110111110111100,True
chebyshev1,1,3,b,7,0,True
chebyshev1,1,3,b,8,1101101101111101111,True
chebyshev1,1,3,a,0,1000000000000000000000000000000000000000000000,True
chebyshev1,1,3,a,1,-111111001101110101001011111111111011111110100011,True
chebyshev1,1,3,a,2,11011011000110000101011110000111111001011001011100,True
chebyshev1,1,3,a,3,-110110010111111011100100101001001101000010011010101,True
chebyshev1,1,3,a,4,1000011101000111000000101100010000110101010001111010,True
chebyshev1,1,3,a,5,-110101111110111001001111110001001100111110000011010,True
chebyshev1,1,3,a,6,11010111111101000011001000110101111010111011100100,True
chebyshev1,1,3,a,7,-111101110111001000101110010001011110110010010111,True
chebyshev1,1,3,a,8,111110001011011001010100001010110111100111110,True
chebyshev1,2,1,b,0,100010011100001001100,True
chebyshev1,2,1,b,1,0,True
chebyshev1,2,1,b,2,-10001001110000100110000,True
chebyshev1,2,1,b,3,0,True
chebyshev1,2,1,b,4,11001110101000111001000,True
chebyshev1,2,1,b,5,0,True
chebyshev1,2,1,b,6,-10001001110000100110000,True
chebyshev1,2,1,b,7,0,True
chebyshev1,2,1,b,8,100010011100001001100,True
chebyshev1,2,1,a,0,1000000000000000000000000000000000000000000000,True
chebyshev1,2,1,a,1,-111110110101010011100010010000101100011100011110,True
chebyshev1,2,1,a,2,11011000110001010110001010101100011101010010101110,True
chebyshev1,2,1,a,3,-110101101000010011110011010110010001110101001010010,True
chebyshev1,2,1,a,4,1000010100110100010111101110100110110000101010110010,True
chebyshev1,2,1,a,5,-110101001001001110011101010101100010110011000011110,True
chebyshev1,2,1,a,6,11010100110111001101010111001001100101101010100110,True
chebyshev1,2,1,a,7,-111101001001000010101101000110000100000111010001,True
chebyshev1,2,1,a,8,111101101101101000101100000000001101010101110,True
chebyshev1,2,2,b,0,1010110011000010011001,True
chebyshev1,2,2,b,1,0,True
chebyshev1,2,2,b,2,-101011001100001001100101,True
chebyshev1,2,2,b,3,0,True
chebyshev1,2,2,b,4,1000000110010001110010111,True
chebyshev1,2,2,b,5,0,True
chebyshev1,2,2,b,6,-101011001100001001100101,True
chebyshev1,2,2,b,7,0,True
chebyshev1,2,2,b,8,1010110011000010011001,True
chebyshev1,2,2,a,0,1000000000000000000000000000000000000000000000,True
chebyshev1,2,2,a,1,-111110001111110000011100101110110100100110011100,True
chebyshev1,2,2,a,2,11010101010000010111100101011000001100010101111100,True
chebyshev1,2,2,a,3,-110100100001000011111000010100101010010111100011100,True
chebyshev1,2,2,a,4,1000001000100010111010010111111110111001101111011000,True
chebyshev1,2,2,a,5,-110011111010110000010101000011100001010001101010111,True
chebyshev1,2,2,a,6,11010000011011000011001011110111101110101000011111,True
chebyshev1,2,2,a,7,-111100001001000110100101000000101110000111100100,True
chebyshev1,2,2,a,8,111101001000011101010100011101000011000111110,True
chebyshev1,2,3,b,0,110110000110010100001111,True
chebyshev1,2,3,b,1,0,True
chebyshev1,2,3,b,2,-11011000011001010000111010,True
chebyshev1,2,3,b,3,0,True
chebyshev1,2,3,b,4,101000100100101111001010111,True
chebyshev1,2,3,b,5,0,True
chebyshev1,2,3,b,6,-11011000011001010000111010,True
chebyshev1,2,3,b,7,0,True
chebyshev1,2,3,b,8,110110000110010100001111,True
chebyshev1,2,3,a,0,10000000000000000000000000000000000000000000000,True
chebyshev1,2,3,a,1,-1111010101100000011010111001010101010110110110110,True
chebyshev1,2,3,a,2,110011111110111100111000010101110000010111001110011,True
chebyshev1,2,3,a,3,-1100101101101000110101010010111101011111011010101110,True
chebyshev1,2,3,a,4,1111101100110010001111111001010111111101110011100001,True
chebyshev1,2,3,a,5,-1100100001111110001100100011011011101101100110011000,True
chebyshev1,2,3,a,6,110010100000001110110101101100100010000110101101010,True
chebyshev1,2,3,a,7,-1110101011111001000111011011111100100010001001110,True
chebyshev1,2,3,a,8,1111000110100001110111010011110101001011111110,True
chebyshev1,3,1,b,0,10000111010100110011110000,True
chebyshev1,3,1,b,1,0,True
chebyshev1,3,1,b,2,-1000011101010011001111000001,True
chebyshev1,3,1,b,3,0,True
chebyshev1,3,1,b,4,1100101011111100110110100010,True
chebyshev1,3,1,b,5,0,True
chebyshev1,3,1,b,6,-1000011101010011001111000001,True
chebyshev1,3,1,b,7,0,True
chebyshev1,3,1,b,8,10000111010100110011110000,True
chebyshev1,3,1,a,0,10000000000000000000000000000000000000000000000,True
chebyshev1,3,1,a,1,-1110111111010000110001111110001001110010001001011,True
chebyshev1,3,1,a,2,110001111110100001110011010010110011000101001100000,True
chebyshev1,3,1,a,3,-1100000110000110001101100110001111001110110010000100,True
chebyshev1,3,1,a,4,1110110111011101101000001100010111010110100111001000,True
chebyshev1,3,1,a,5,-1011111000001000110110100011000111010010010111101010,True
chebyshev1,3,1,a,6,110000001100001101111111011111001010010100111010110,True
chebyshev1,3,1,a,7,-1110001100010011011110100010100010111100000000010,True
chebyshev1,3,1,a,8,1110111000001000001101100101110110101011011100,True
chebyshev1,3,2,b,0,101010001111000101001110010,True
chebyshev1,3,2,b,1,0,True
chebyshev1,3,2,b,2,-10101000111100010100111001001,True
chebyshev1,3,2,b,3,0,True
chebyshev1,3,2,b,4,11111101011010011111010101101,True
chebyshev1,3,2,b,5,0,True
chebyshev1,3,2,b,6,-10101000111100010100111001001,True
chebyshev1,3,2,b,7,0,True
chebyshev1,3,2,b,8,101010001111000101001110010,True
chebyshev1,3,2,a,0,10000000000000000000000000000000000000000000000,True
chebyshev1,3,2,a,1,-1110011100111110000111001011100111010111101110100,True
chebyshev1,3,2,a,2,101110111110101110100011000101110000010001111010110,True
chebyshev1,3,2,a,3,-1011001100010000100111000000001111111011001011001100,True
chebyshev1,3,2,a,4,1101101010011010110011101001010010101100011011111110,True
chebyshev1,3,2,a,5,-1010111100000001100001011101110011100001000010001100,True
chebyshev1,3,2,a,6,101100110111111110000010001001011000000101000111000,True
chebyshev1,3,2,a,7,-1101011111011111100111011111100011011000111111110,True
chebyshev1,3,2,a,8,1110100110010010100111100110101000011100110010,True
chebyshev1,3,3,b,0,1101001001101101111000000111,True
chebyshev1,3,3,b,1,0,True
chebyshev1,3,3,b,2,-110100100110110111100000011011,True
chebyshev1,3,3,b,3,0,True
chebyshev1,3,3,b,4,1001110111010010011010000101001,True
chebyshev1,3,3,b,5,0,True
chebyshev1,3,3,b,6,-110100100110110111100000011011,True
chebyshev1,3,3,b,7,0,True
chebyshev1,3,3,b,8,1101001001101101111000000111,True
chebyshev1,3,3,a,0,10000000000000000000000000000000000000000000000,True
chebyshev1,3,3,a,1,-1101101000001111110010111011010101110010101000000,True
chebyshev1,3,3,a,2,101010100101110101100101101000110110110001001100011,True
chebyshev1,3,3,a,3,-1001111001111111010010111110000100100111111010101110,True
chebyshev1,3,3,a,4,1011111110011011011000110011110001111100001001101010,True
chebyshev1,3,3,a,5,-1001100111111011110110001001001100110100011101100000,True
chebyshev1,3,3,a,6,101000001100110011110101011010110000110100000000001,True
chebyshev1,3,3,a,7,-1100011111110110000010101100111110001000111000001,True
chebyshev1,3,3,a,8,1110010000010010111000000001011101111110010010,True
chebyshev1,4,1,b,0,100000101010111010001100111011,True
chebyshev1,4,1,b,1,0,True
chebyshev1,4,1,b,2,-10000010101011101000110011101010,True
chebyshev1,4,1,b,3,0,True
chebyshev1,4,1,b,4,11000100000001011101001101011111,True
chebyshev1,4,1,b,5,0,True
chebyshev1,4,1,b,6,-10000010101011101000110011101010,True
chebyshev1,4,1,b,7,0,True
chebyshev1,4,1,b,8,100000101010111010001100111011,True
chebyshev1,4,1,a,0,10000000000000000000000000000000000000000000000,True
chebyshev1,4,1,a,1,-1100010111101110010101101011110101101101000110001,True
chebyshev1,4,1,a,2,100100011000110110101001101111101011000000000001110,True
chebyshev1,4,1,a,3,-1000001010011100001110001010011110110011011001100100,True
chebyshev1,4,1,a,4,1001101110110000010111110110101101001110100110110111,True
chebyshev1,4,1,a,5,-111110111110001000001000100101001010011100000111100,True
chebyshev1,4,1,a,6,100001110101010101110011101101000111111101010011010,True
chebyshev1,4,1,a,7,-1011000101110101001000000100010101101001011010110,True
chebyshev1,4,1,a,8,1101110101010100101010000111000010001111101011,True
chebyshev1,4,2,b,0,10100001110000000100001011110011,True
chebyshev1,4,2,b,1,0,True
chebyshev1,4,2,b,2,-1010000111000000010000101111001101,True
chebyshev1,4,2,b,3,0,True
chebyshev1,4,2,b,4,1111001010100000011001000110110011,True
chebyshev1,4,2,b,5,0,True
chebyshev1,4,2,b,6,-1010000111000000010000101111001101,True
chebyshev1,4,2,b,7,0,True
chebyshev1,4,2,b,8,10100001110000000100001011110011,True
chebyshev1,4,2,a,0,100000000000000000000000000000000000000000000000,True
chebyshev1,4,2,a,1,-10100111100100110011011001111010110100111011110100,True
chebyshev1,4,2,a,2,111000010101000010101011101100111000011101001011011,True
chebyshev1,4,2,a,3,-1011111101100010101001101011001011111111011100010100,True
chebyshev1,4,2,a,4,1101111111010000110011111000111111010001100001001000,True
chebyshev1,4,2,a,5,-1011011011001110110110100100010000101011000001101100,True
chebyshev1,4,2,a,6,110011011001001000010111011111111111111000100001111,True
chebyshev1,4,2,a,7,-10010010000010001111101101001101000100000010000011,True
chebyshev1,4,2,a,8,11010101000111101110001010111111101000000011010,True
chebyshev1,4,3,b,0,110001110101110010110011100111111,True
chebyshev1,4,3,b,1,0,True
chebyshev1,4,3,b,2,-11000111010111001011001110011111101,True
chebyshev1,4,3,b,3,0,True
chebyshev1,4,3,b,4,100101011000010110000110101101111100,True
chebyshev1,4,3,b,5,0,True
chebyshev1,4,3,b,6,-11000111010111001011001110011111101,True
chebyshev1,4,3,b,7,0,True
chebyshev1,4,3,b,8,110001110101110010110011100111111,True
chebyshev1,4,3,a,0,100000000000000000000000000000000000000000000000,True
chebyshev1,4,3,a,1,-1111010110011110001111110010001000010101001111101,True
chebyshev1,4,3,a,2,100101000000010000100110001011010001010101110101110,True
chebyshev1,4,3,a,3,-111001001110111010001100101100111010000010100000111,True
chebyshev1,4,3,a,4,1000001111100100010011100111010011000111101100101000,True
chebyshev1,4,3,a,5,-110110000001011111011111100001011010010010100101000,True
chebyshev1,4,3,a,6,100000111110000100000111111100111111110000000100110,True
chebyshev1,4,3,a,7,-1100111010000101001011111100000001000001101111010,True
chebyshev1,4,3,a,8,11001011001101101011000110101011111011001001101,True
chebyshev1,5,1,b,0,111101000111100001100110011010000011,True
chebyshev1,5,1,b,1,0,True
chebyshev1,5,1,b,2,-11110100011110000110011001101000001011,True
chebyshev1,5,1,b,3,0,True
chebyshev1,5,1,b,4,101101110101101001001100110011100010000,True
chebyshev1,5,1,b,5,0,True
chebyshev1,5,1,b,6,-11110100011110000110011001101000001011,True
chebyshev1,5,1,b,7,0,True
chebyshev1,5,1,b,8,111101000111100001100110011010000011,True
chebyshev1,5,1,a,0,10000000000000000000000000000000000000000000000000,True
chebyshev1,5,1,a,1,-11101101000110001010000110001000011100000101001110,True
chebyshev1,5,1,a,2,1001110100111000100100011101011111010100111111010010,True
chebyshev1,5,1,a,3,-1010111101001011110011111111111101011111011010101111,True
chebyshev1,5,1,a,4,1110111000000110110101100010011001001101001100010001,True
chebyshev1,5,1,a,5,-1010001100001001000101000001101110001011101110110000,True
chebyshev1,5,1,a,6,1000100000001000110001000110100000011110010110000110,True
chebyshev1,5,1,a,7,-10111110100011101011001010010001101011000011110001,True
chebyshev1,5,1,a,8,1011111101100100110001011010011101111010010101111,True
chebyshev1,5,2,b,0,10010100111111010101101000111111110100,True
chebyshev1,5,2,b,1,0,True
chebyshev1,5,2,b,2,-1001010011111101010110100011111111010001,True
chebyshev1,5,2,b,3,0,True
chebyshev1,5,2,b,4,1101111101111100000001110101111110111010,True
chebyshev1,5,2,b,5,0,True
chebyshev1,5,2,b,6,-1001010011111101010110100011111111010001,True
chebyshev1,5,2,b,7,0,True
chebyshev1,5,2,b,8,10010100111111010101101000111111110100,True
chebyshev1,5,2,a,0,10000000000000000000000000000000000000000000000000,True
chebyshev1,5,2,a,1,1100100001001100101001011111010111010111010101011,True
chebyshev1,5,2,a,2,111011101000100100001100001101100100000100001010110,True
chebyshev1,5,2,a,3,100001110010011101100001011010111011101001011011100,True
chebyshev1,5,2,a,4,1010010010010001101101000010110111101010000001000001,True
chebyshev1,5,2,a,5,11110110110010100110011010010000100011100100010111,True
chebyshev1,5,2,a,6,110001110000101111000110000110110101010100000101100,True
chebyshev1,5,2,a,7,1001100000010011000010011000011011000100000111000,True
chebyshev1,5,2,a,8,1011000101111101111000100000000000110110010011100,True
chebyshev1,5,3,b,0,10110100010101010101001000011010100010,True
chebyshev1,5,3,b,1,0,True
chebyshev1,5,3,b,2,-1011010001010101010100100001101010001000,True
chebyshev1,5,3,b,3,0,True
chebyshev1,5,3,b,4,10000111001111111111110110010011111001101,True
chebyshev1,5,3,b,5,0,True
chebyshev1,5,3,b,6,-1011010001010101010100100001101010001000,True
chebyshev1,5,3,b,7,0,True
chebyshev1,5,3,b,8,10110100010101010101001000011010100010,True
chebyshev1,5,3,a,0,1000000000000000000000000000000000000000000000000,True
chebyshev1,5,3,a,1,11110111010001111010110100011101011101011001110000,True
chebyshev1,5,3,a,2,1000111110111000011110010011111101010001001010101010,True
chebyshev1,5,3,a,3,1101100101001010111010101000110100000011010100000101,True
chebyshev1,5,3,a,4,1111001000001101110000110010100100001011101011000000,True
chebyshev1,5,3,a,5,1100000110101010001111001011111111000110010101100010,True
chebyshev1,5,3,a,6,111001000100011100111101100111101111000111110001100,True
chebyshev1,5,3,a,7,10101110101110011011001101101011010001011111000110,True
chebyshev1,5,3,a,8,101000010110111100110001010000100100111101111101,True
chebyshev2,1,1,b,0,100000100011001110001001011100111100,False
chebyshev2,1,1,b,1,-100000011011011000101010010111110000100,False
chebyshev2,1,1,b,2,1110001001100010101111001011010001011000,False
chebyshev2,1,1,b,3,-11100010000001010101111001101101111010001,False
chebyshev2,1,1,b,4,100011010010111111101110010111111111001011,False
chebyshev2,1,1,b,5,-11100010000001010101111001101101111010001,False
chebyshev2,1,1,b,6,1110001001100010101111001011010001011000,False
chebyshev2,1,1,b,7,-100000011011011000101010010111110000100,False
chebyshev2,1,1,b,8,100000100011001110001001011100111100,False
chebyshev2,1,1,a,0,1000000000000000000000000000000000000000000000,False
chebyshev2,1,1,a,1,-111111101010100010010001010010100101001001001011,False
chebyshev2,1,1,a,2,11011101110111111111100001110111100011101111001101,False
chebyshev2,1,1,a,3,-110111010010010010001011000010000100100001100111000,False
chebyshev2,1,1,a,4,1000100111100100010110110001000001111111000010000100,False
chebyshev2,1,1,a,5,-110111000101001110100001101100001111000111010100100,False
chebyshev2,1,1,a,6,11011100001111011000100110110000000011110111010010,False
chebyshev2,1,1,a,7,-111110111101100110000001111001000110001011100100,False
chebyshev2,1,1,a,8,111111000011110111111010100110011111111110111,False
chebyshev2,1,2,b,0,100000100000000111000111101011000111,False
chebyshev2,1,2,b,1,-100000010011101100101001101010110101100,False
chebyshev2,1,2,b,2,1110000100110000111011010100000000101101,False
chebyshev2,1,2,b,3,-11100000100111011001111100011010101111010,False
chebyshev2,1,2,b,4,100011000100001111100100101010001000111101,False
chebyshev2,1,2,b,5,-11100000100111011001111100011010101111010,False
chebyshev2,1,2,b,6,1110000100110000111011010100000000101101,False
chebyshev2,1,2,b,7,-100000010011101100101001101010110101100,False
chebyshev2,1,2,b,8,100000100000000111000111101011000111,False
chebyshev2,1,2,a,0,1000000000000000000000000000000000000000000000,False
chebyshev2,1,2,a,1,-111111100000011011001001000111101111000100001001,False
chebyshev2,1,2,a,2,11011100111001110000011101001011001101100010000000,False
chebyshev2,1,2,a,3,-110110111110000100110111111110010110011001010011000,False
chebyshev2,1,2,a,4,1000100011111111111001111011110001100010001011000010,False
chebyshev2,1,2,a,5,-110110101101101110100001100001010101111010010010110,False
chebyshev2,1,2,a,6,11011010110110101010010000100000111000100000100100,False
chebyshev2,1,2,a,7,-111110101000000001011011101100100000010010110101,False
chebyshev2,1,2,a,8,111110110100011000111010101111100101111000101,False
chebyshev2,1,3,b,0,100000011100011111010111010010100110,False
chebyshev2,1,3,b,1,-100000001000110101011011011010010111011,False
chebyshev2,1,3,b,2,1101111101110010011100101010110101011001,False
chebyshev2,1,3,b,3,-11011110100010101011110101101111001110011,False
chebyshev2,1,3,b,4,100010101110011010011100001110111000000100,False
chebyshev2,1,3,b,5,-11011110100010101011110101101111001110011,False
chebyshev2,1,3,b,6,1101111101110010011100101010110101011001,False
chebyshev2,1,3,b,7,-100000001000110101011011011010010111011,False
chebyshev2,1,3,b,8,100000011100011111010111010010100110,False
chebyshev2,1,3,a,0,1000000000000000000000000000000000000000000000,False
chebyshev2,1,3,a,1,-111111010001000010011111000010000010010110010000,False
chebyshev2,1,3,a,2,11011011011011110111001111101100101000001011110000,False
chebyshev2,1,3,a,3,-110110011111110111011110011010101111110000000000100,False
chebyshev2,1,3,a,4,1000011110101110000010001001010001001001100111100010,False
chebyshev2,1,3,a,5,-110110001011011101001110101101110111101010000011000,False
chebyshev2,1,3,a,6,11011000110111111110110110110111000110010111100011,False
chebyshev2,1,3,a,7,-111110001010010111110100111000100000000011000100,False
chebyshev2,1,3,a,8,111110100000111101101010101111101010110100011,False
chebyshev2,2,1,b,0,100000011000011001010101010111001101,False
chebyshev2,2,1,b,1,-11111111001010010111101010101010010100,False
chebyshev2,2,1,b,2,1101110011100000110010001010100100000100,False
chebyshev2,2,1,b,3,-11011011011101011111101010010011100000101,False
chebyshev2,2,1,b,4,100010001101111010010010111110111100001110,False
chebyshev2,2,1,b,5,-11011011011101011111101010010011100000101,False
chebyshev2,2,1,b,6,1101110011100000110010001010100100000100,False
chebyshev2,2,1,b,7,-11111111001010010111101010101010010100,False
chebyshev2,2,1,b,8,100000011000011001010101010111001101,False
chebyshev2,2,1,a,0,1000000000000000000000000000000000000000000000,False
chebyshev2,2,1,a,1,-111110111001011110011100101001110101011010010110,False
chebyshev2,2,1,a,2,11011001001101011010000011111001111101110011010011,False
chebyshev2,2,1,a,3,-110101110010011101001010011000011000001011100000000,False
chebyshev2,2,1,a,4,1000010110110111001101110110001010000100100100100000,False
chebyshev2,2,1,a,5,-110101011001000101111111010010110010000100110110111,False
chebyshev2,2,1,a,6,11010110000001010100111000101001000101111001010000,False
chebyshev2,2,1,a,7,-111101100001001010000100110010010000100100011000,False
chebyshev2,2,1,a,8,111110001000100111101010000000000101111101100,False
chebyshev2,2,2,b,0,100000010011111110010111111010000010,False
chebyshev2,2,2,b,1,-11111100010110011111100111110010100100,False
chebyshev2,2,2,b,2,1101100100010001101110101011000110111110,False
chebyshev2,2,2,b,3,-11010110110111011010101100100100011101001,False
chebyshev2,2,2,b,4,100001011101011000010000101111100100010111,False
chebyshev2,2,2,b,5,-11010110110111011010101100100100011101001,False
chebyshev2,2,2,b,6,1101100100010001101110101011000110111110,False
chebyshev2,2,2,b,7,-11111100010110011111100111110010100100,False
chebyshev2,2,2,b,8,100000010011111110010111111010000010,False
chebyshev2,2,2,a,0,1000000000000000000000000000000000000000000000,False
chebyshev2,2,2,a,1,-111110010101001101000001001100111111000000110101,False
chebyshev2,2,2,a,2,11010101110100100100111010100110110001011100010100,False
chebyshev2,2,2,a,3,-110100101110000001010111011111011100001111111111001,False
chebyshev2,2,2,a,4,1000001011001000101011101111111011011010110001110000,False
chebyshev2,2,2,a,5,-110100001110101110101110111111001110101110001011110,False
chebyshev2,2,2,a,6,11010001110111111011011100000000100001000010011000,False
chebyshev2,2,2,a,7,-111100100111001111011001001111011111000100111000,False
chebyshev2,2,2,a,8,111101101010001001110110010110010001010110111,False
chebyshev2,2,3,b,0,1000000011111001000000010001100101100,False
chebyshev2,2,3,b,1,-111110000011110111111110011110000110110,False
chebyshev2,2,3,b,2,11010011011001110101110000101010101001001,False
chebyshev2,2,3,b,3,-110100000000010000001010100000010101000010,False
chebyshev2,2,3,b,4,1000000101010000010101110000011100001000001,False
chebyshev2,2,3,b,5,-110100000000010000001010100000010101000010,False
chebyshev2,2,3,b,6,11010011011001110101110000101010101001001,False
chebyshev2,2,3,b,7,-111110000011110111111110011110000110110,False
chebyshev2,2,3,b,8,1000000011111001000000010001100101100,False
chebyshev2,2,3,a,0,10000000000000000000000000000000000000000000000,False
chebyshev2,2,3,a,1,-1111010111010010101001000011011110110011101010011,False
chebyshev2,2,3,a,2,110100001010100111111101001001001000111101011001011,False
chebyshev2,2,3,a,3,-1100110001110000101111001101111001011011000001100100,False
chebyshev2,2,3,a,4,1111110011010011111000101100010110100011010011010011,False
chebyshev2,2,3,a,5,-1100101000001101110111101110000010111110111110010000,False
chebyshev2,2,3,a,6,110010111101001001001010111100101111010111010001011,False
chebyshev2,2,3,a,7,-1110110101010000101101101111011100111001001011101,False
chebyshev2,2,3,a,8,1111010001000001011101101100100110110010011110,False
chebyshev2,3,1,b,0,1000000010111101001001100100001101101,False
chebyshev2,3,1,b,1,-111100100010111001000101110010100011111,False
chebyshev2,3,1,b,2,11001010111111000111011011111111011110101,False
chebyshev2,3,1,b,3,-110001011101110111001000100101010100000110,False
chebyshev2,3,1,b,4,111101010011111011111100100000011100101110,False
chebyshev2,3,1,b,5,-110001011101110111001000100101010100000110,False
chebyshev2,3,1,b,6,11001010111111000111011011111111011110101,False
chebyshev2,3,1,b,7,-111100100010111001000101110010100011111,False
chebyshev2,3,1,b,8,1000000010111101001001100100001101101,False
chebyshev2,3,1,a,0,10000000000000000000000000000000000000000000000,False
chebyshev2,3,1,a,1,-1111000001100110101111110000101001110000100000101,False
chebyshev2,3,1,a,2,110010001101100000110100101100010110000110101011101,False
chebyshev2,3,1,a,3,-1100001011010011000110110001100100100011101100010110,False
chebyshev2,3,1,a,4,1110111111100101110001111111111100001100011001001111,False
chebyshev2,3,1,a,5,-1011111111110110101001011111111100001010110111100000,False
chebyshev2,3,1,a,6,110000101111110100011110001000011010110000000111100,False
chebyshev2,3,1,a,7,-1110010111110110111101101001111100111010100000000,False
chebyshev2,3,1,a,8,1111000101001010001101100110001000010010100100,False
chebyshev2,3,2,b,0,1000000010011111010001010010001000101,False
chebyshev2,3,2,b,1,-111010010010110110110010010011001000101,False
chebyshev2,3,2,b,2,10111110100100101101110111000100010110101,False
chebyshev2,3,2,b,3,-101101110000101111001101010111100000111110,False
chebyshev2,3,2,b,4,111000011100011100001111000101100001101101,False
chebyshev2,3,2,b,5,-101101110000101111001101010111100000111110,False
chebyshev2,3,2,b,6,10111110100100101101110111000100010110101,False
chebyshev2,3,2,b,7,-111010010010110110110010010011001000101,False
chebyshev2,3,2,b,8,1000000010011111010001010010001000101,False
chebyshev2,3,2,a,0,10000000000000000000000000000000000000000000000,False
chebyshev2,3,2,a,1,-1110100000000010100001100001111101011001110011111,False
chebyshev2,3,2,a,2,101111010001101111011110011011111111010110111110001,False
chebyshev2,3,2,a,3,-1011010010101101001100001101010101000111100100001100,False
chebyshev2,3,2,a,4,1101110100010101010011000000000110110101101100100010,False
chebyshev2,3,2,a,5,-1011000101010110110001010101000111011011001111011000,False
chebyshev2,3,2,a,6,101101100010111111001100100010011010000010101010110,False
chebyshev2,3,2,a,7,-1101101101100011011100011100001010111110100100000,False
chebyshev2,3,2,a,8,1110110110011010000110011100001011110001110000,False
chebyshev2,3,3,b,0,1000000011000000110010001001100001100,False
chebyshev2,3,3,b,1,-110110111011111111110100110010010010011,False
chebyshev2,3,3,b,2,10101100100101010100011111001010100111100,False
chebyshev2,3,3,b,3,-101000011111110100111111000001110010001100,False
chebyshev2,3,3,b,4,110001100100111001010101100100101110101011,False
chebyshev2,3,3,b,5,-101000011111110100111111000001110010001100,False
chebyshev2,3,3,b,6,10101100100101010100011111001010100111100,False
chebyshev2,3,3,b,7,-110110111011111111110100110010010010011,False
chebyshev2,3,3,b,8,1000000011000000110010001001100001100,False
chebyshev2,3,3,a,0,10000000000000000000000000000000000000000000000,False
chebyshev2,3,3,a,1,-1101101100001110010111110001011010110110011110111,False
chebyshev2,3,3,a,2,101010111101011001010111110000100111100011100100001,False
chebyshev2,3,3,a,3,-1010000001101110010010111011101000011001110110111101,False
chebyshev2,3,3,a,4,1100001010000101100001101000010001011100011010100010,False
chebyshev2,3,3,a,5,-1001110010110100010011110100001110100111000000011100,False
chebyshev2,3,3,a,6,101000111111001001110011111111100101111111010000011,False
chebyshev2,3,3,a,7,-1100110000100100101010111110001110100011001000101,False
chebyshev2,3,3,a,8,1110100100000111111000011011011011101101101111,False
chebyshev2,4,1,b,0,1000000101011010000100111001010111110,False
chebyshev2,4,1,b,1,-110001111011000101100011110010001010010,False
chebyshev2,4,1,b,2,10010011010110100110111011001000110001101,False
chebyshev2,4,1,b,3,-100001010111001111001001010111101110111010,False
chebyshev2,4,1,b,4,101000011000001010111101110101011000001110,False
chebyshev2,4,1,b,5,-100001010111001111001001010111101110111010,False
chebyshev2,4,1,b,6,10010011010110100110111011001000110001101,False
chebyshev2,4,1,b,7,-110001111011000101100011110010001010010,False
chebyshev2,4,1,b,8,1000000101011010000100111001010111110,False
chebyshev2,4,1,a,0,10000000000000000000000000000000000000000000000,False
chebyshev2,4,1,a,1,-1100011100101111111011011111110100111101101011010,False
chebyshev2,4,1,a,2,100100110100110000100011110101000100011110001010100,False
chebyshev2,4,1,a,3,-1000010011001100110111010110001000111010100011011100,False
chebyshev2,4,1,a,4,1001111011101000010011111010110100100110000111010100,False
chebyshev2,4,1,a,5,-1000000011101100010001000000011110011100011101100010,False
chebyshev2,4,1,a,6,100010101101001001011110000110101001100010100100101,False
chebyshev2,4,1,a,7,-1011011000111110101010000000001100111011010110100,False
chebyshev2,4,1,a,8,1110001101100011000110000000000100110111000100,False
chebyshev2,4,2,b,0,10000010110010001001100000101001110011,False
chebyshev2,4,2,b,1,-1010100111010010111001101110000001001110,False
chebyshev2,4,2,b,2,11100100000110111110010000101101111000010,False
chebyshev2,4,2,b,3,-110000110110110010010001001100010110111111,False
chebyshev2,4,2,b,4,111010001011000110001101111101000001111001,False
chebyshev2,4,2,b,5,-110000110110110010010001001100010110111111,False
chebyshev2,4,2,b,6,11100100000110111110010000101101111000010,False
chebyshev2,4,2,b,7,-1010100111010010111001101110000001001110,False
chebyshev2,4,2,b,8,10000010110010001001100000101001110011,False
chebyshev2,4,2,a,0,100000000000000000000000000000000000000000000000,False
chebyshev2,4,2,a,1,-10101001000100110000001000101110110101100000010001,False
chebyshev2,4,2,a,2,111001010001111111110011101110111110000001011111010,False
chebyshev2,4,2,a,3,-1100001111011110110110101011011101000000101101110001,False
chebyshev2,4,2,a,4,1110011000110100010110010010101111001101101100010000,False
chebyshev2,4,2,a,5,-1011110010101111011001101100100001000000100011110011,False
chebyshev2,4,2,a,6,110101001001111101011000111110110000011011111010001,False
chebyshev2,4,2,a,7,-10010111001001000001000100010011011101100010111000,False
chebyshev2,4,2,a,8,11011100011100111101000000100001011111001010001,False
chebyshev2,4,3,b,0,10000101101001011100110101100001011000,False
chebyshev2,4,3,b,1,-111110110111110010110110100110101011100,False
chebyshev2,4,3,b,2,10010101111000000000101000111001111100000,False
chebyshev2,4,3,b,3,-11101001010010110001000000100110111110110,False
chebyshev2,4,3,b,4,100010010010111100000000110111110100101110,False
chebyshev2,4,3,b,5,-11101001010010110001000000100110111110110,False
chebyshev2,4,3,b,6,10010101111000000000101000111001111100000,False
chebyshev2,4,3,b,7,-111110110111110010110110100110101011100,False
chebyshev2,4,3,b,8,10000101101001011100110101100001011000,False
chebyshev2,4,3,a,0,100000000000000000000000000000000000000000000000,False
chebyshev2,4,3,a,1,-1111100011000001011010001010110110101110101011101,False
chebyshev2,4,3,a,2,100101111010010001110110111010011110000100110001010,False
chebyshev2,4,3,a,3,-111011001001011010010100111010111000011100111010101,False
chebyshev2,4,3,a,4,1000100100110100010000100110000100100110100100010101,False
chebyshev2,4,3,a,5,-111000011011000000011100111110011111001010001100010,False
chebyshev2,4,3,a,6,100010011111110110110001100000100011111101000000010,False
chebyshev2,4,3,a,7,-1101011111101101110100101001001100100000011100100,False
chebyshev2,4,3,a,8,11010011111110101111001000110010000001101011011,False
chebyshev2,5,1,b,0,1000101011101101110101000111110011111010,False
chebyshev2,5,1,b,1,-1111011110101011111110111100101000111010,False
chebyshev2,5,1,b,2,100111100101110011000100101100000010010010,False
chebyshev2,5,1,b,3,-101100011010101100110001000111011000010010,False
chebyshev2,5,1,b,4,111101011100001101001001110101011101010010,False
chebyshev2,5,1,b,5,-101100011010101100110001000111011000010010,False
chebyshev2,5,1,b,6,100111100101110011000100101100000010010010,False
chebyshev2,5,1,b,7,-1111011110101011111110111100101000111010,False
chebyshev2,5,1,b,8,1000101011101101110101000111110011111010,False
chebyshev2,5,1,a,0,10000000000000000000000000000000000000000000000000,False
chebyshev2,5,1,a,1,-11110001011110011000001001101010110001001011001000,False
chebyshev2,5,1,a,2,1010001100011000100001010101010100110101110001100000,False
chebyshev2,5,1,a,3,-1011011111011100110010100100110001000011000011111010,False
chebyshev2,5,1,a,4,1111110000001110011100101011100010110001001110011101,False
chebyshev2,5,1,a,5,-1010110100111010001110100111111000010111001101010010,False
chebyshev2,5,1,a,6,1001000011000110101001010100000101101101100111011100,False
chebyshev2,5,1,a,7,-11001001111011111100000111101001011001110111111101,False
chebyshev2,5,1,a,8,1100100110110011010011011010010001010010010011100,False
chebyshev2,5,2,b,0,1001010001000100000000111010011110010010,False
chebyshev2,5,2,b,1,110110001101011111000111100101100010101,False
chebyshev2,5,2,b,2,11101110010100011010101010011010010110010,False
chebyshev2,5,2,b,3,10001000000101100001111111010000000100010,False
chebyshev2,5,2,b,4,101001111111001100011100011001011000111001,False
chebyshev2,5,2,b,5,10001000000101100001111111010000000100010,False
chebyshev2,5,2,b,6,11101110010100011010101010011010010110010,False
chebyshev2,5,2,b,7,110110001101011111000111100101100010101,False
chebyshev2,5,2,b,8,1001010001000100000000111010011110010010,False
chebyshev2,5,2,a,0,10000000000000000000000000000000000000000000000000,False
chebyshev2,5,2,a,1,1100110110110110010100110111001111000111010101100,False
chebyshev2,5,2,a,2,111111000011011001101011010111110111011110000101001,False
chebyshev2,5,2,a,3,100100001110000001111110010011011110110110001011110,False
chebyshev2,5,2,a,4,1011001011101000000100110011100010101100000001101101,False
chebyshev2,5,2,a,5,100001100101101101001111011100100010100000010010101,False
chebyshev2,5,2,a,6,110110001110110101000010111110110101111100010111111,False
chebyshev2,5,2,a,7,1010010000001100101111111110011010110010011011111,False
chebyshev2,5,2,a,8,1011110101010011101011011100010100010111000111001,False
chebyshev2,5,3,b,0,10100100011101011101000011011111110110,False
chebyshev2,5,3,b,1,1000111000100011010011101111110110000010,False
chebyshev2,5,3,b,2,10010110001110001100110011001101010011011,False
chebyshev2,5,3,b,3,11011100110111000001010010110001100000011,False
chebyshev2,5,3,b,4,11111101000101101001001111111010011111101,False
chebyshev2,5,3,b,5,11011100110111000001010010110001100000011,False
chebyshev2,5,3,b,6,10010110001110001100110011001101010011011,False
chebyshev2,5,3,b,7,1000111000100011010011101111110110000010,False
chebyshev2,5,3,b,8,10100100011101011101000011011111110110,False
chebyshev2,5,3,a,0,100000000000000000000000000000000000000000000000,False
chebyshev2,5,3,a,1,10000000100101100100000010010100110111000001111100,False
chebyshev2,5,3,a,2,100110101101011011110001001101000100111001110011000,False
chebyshev2,5,3,a,3,111011111100000111110000001000100100100101011111011,False
chebyshev2,5,3,a,4,1000011110001011110000100111101100100011100101001000,False
chebyshev2,5,3,a,5,110110011110000011110110011011110001010110111001110,False
chebyshev2,5,3,a,6,11111111101111000101000011111101100011011111011010,False
chebyshev2,5,3,a,7,1100000011111001001100101100100111010000011100010,False
chebyshev2,5,3,a,8,10101110100100100001010110001110001111000011000,False
elliptic,1,1,b,0,100000100110101001110001011100010011,False
elliptic,1,1,b,1,-100000011011010001110011100111101111100,False
elliptic,1,1,b,2,1110001000011001011010110001101111001001,False
elliptic,1,1,b,3,-11100001100100100000101001000000111110100,False
elliptic,1,1,b,4,100011001101111100011110000011110101110100,False
elliptic,1,1,b,5,-11100001100100100000101001000000111110100,False
elliptic,1,1,b,6,1110001000011001011010110001101111001001,False
elliptic,1,1,b,7,-100000011011010001110011100111101111100,False
elliptic,1,1,b,8,100000100110101001110001011100010011,False
elliptic,1,1,a,0,1000000000000000000000000000000000000000000000,False
elliptic,1,1,a,1,-111111101000101001110110011001000000110110011100,False
elliptic,1,1,a,2,11011101101011000100101001010101000000011011110100,False
elliptic,1,1,a,3,-110111001101100001110001100000011001111100110001000,False
elliptic,1,1,a,4,1000100110100110000011100100011010010000001001111010,False
elliptic,1,1,a,5,-110110111101100100100010110101011010111100011101111,False
elliptic,1,1,a,6,11011011101011001110101111000101110110001101101100,False
elliptic,1,1,a,7,-111110110001101110101010101111011100000010010101,False
elliptic,1,1,a,8,111110110110100000111000010001111011001011010,False
elliptic,1,2,b,0,100000100110101011001011100101101010,True
elliptic,1,2,b,1,-100000010100101001011100111010100010000,True
elliptic,1,2,b,2,1110000011011100011001110010100000011101,True
elliptic,1,2,b,3,-11100000000001101110000011101000100100100,True
elliptic,1,2,b,4,100010111101011111101110001100101100110000,True
elliptic,1,2,b,5,-11100000000001101110000011101000100100100,True
elliptic,1,2,b,6,1110000011011100011001110010100000011101,True
elliptic,1,2,b,7,-100000010100101001011100111010100010000,True
elliptic,1,2,b,8,100000100110101011001011100101101010,True
elliptic,1,2,a,0,1000000000000000000000000000000000000000000000,True
elliptic,1,2,a,1,-111111011101111111110010010111000101011010000010,True
elliptic,1,2,a,2,11011100101001001011010110011010100100101001110000,True
elliptic,1,2,a,3,-110110111000000000001001110011000110010010111100010,True
elliptic,1,2,a,4,1000100010110000101100110001010101010110110010001100,True
elliptic,1,2,a,5,-110110100100000010000100010001100110001111110111010,True
elliptic,1,2,a,6,11011010001001000010101010110011001110011001110100,True
elliptic,1,2,a,7,-111110011001000110010010001100011101101101011010,True
elliptic,1,2,a,8,111110100011101000010100111110000100000101001,True
elliptic,1,3,b,0,100000101000010011001110010000001110,True
elliptic,1,3,b,1,-100000001011101111000001101010000001111,True
elliptic,1,3,b,2,1101111100010100010100000111110110000010,True
elliptic,1,3,b,3,-11011101110001001000101111011001111000101,True
elliptic,1,3,b,4,100010100101010100101101100101100000100101,True
elliptic,1,3,b,5,-11011101110001001000101111011001111000101,True
elliptic,1,3,b,6,1101111100010100010100000111110110000010,True
elliptic,1,3,b,7,-100000001011101111000001101010000001111,True
elliptic,1,3,b,8,100000101000010011001110010000001110,True
elliptic,1,3,a,0,1000000000000000000000000000000000000000000000,True
elliptic,1,3,a,1,-111111001101111001001001111011001110010110011011,True
elliptic,1,3,a,2,11011011000110100001101000100111011011111110010000,True
elliptic,1,3,a,3,-110110011000000110010011010111011001110001100100110,True
elliptic,1,3,a,4,1000011101001001010010010100000101011111011110010100,True
elliptic,1,3,a,5,-110101111111001011110011110010101000111000110001101,True
elliptic,1,3,a,6,11010111111110011110001011010000110010000000111110,True
elliptic,1,3,a,7,-111101110111100111110010011101101110110111101010,True
elliptic,1,3,a,8,111110001011111101101110110111010110101101001,True
elliptic,2,1,b,0,100000101100110111101010110100100110,True
elliptic,2,1,b,1,-11111111111100110111011000011111000100,True
elliptic,2,1,b,2,1101110001111101011111001001111101111000,True
elliptic,2,1,b,3,-11011010011011111110011111011011100001111,True
elliptic,2,1,b,4,100010000001100100101001000010110110100000,True
elliptic,2,1,b,5,-11011010011011111110011111011011100001111,True
elliptic,2,1,b,6,1101110001111101011111001001111101111000,True
elliptic,2,1,b,7,-11111111111100110111011000011111000100,True
elliptic,2,1,b,8,100000101100110111101010110100100110,True
elliptic,2,1,a,0,1000000000000000000000000000000000000000000000,True
elliptic,2,1,a,1,-111110110101011000010010010100010010101111101011,True
elliptic,2,1,a,2,11011000110001110111111111011111100011100110001000,True
elliptic,2,1,a,3,-110101101000100000101111011011011011000101110111010,True
elliptic,2,1,a,4,1000010100110111001000001101111100011001010101111000,True
elliptic,2,1,a,5,-110101001001100101000110000001110100000001000010110,True
elliptic,2,1,a,6,11010100111000111101001011011000101111100110101101,True
elliptic,2,1,a,7,-111101001001101001001011100000100001000110101110,True
elliptic,2,1,a,8,111101101110010110001110001100000010000001110,True
elliptic,2,2,b,0,100000110110100110100101011001001001,True
elliptic,2,2,b,1,-11111101110111000001001010110001010110,True
elliptic,2,2,b,2,1101100010110010010111110001111001100010,True
elliptic,2,2,b,3,-11010101100000010111010101011011100110001,True
elliptic,2,2,b,4,100001001100100001111011011010101000000100,True
elliptic,2,2,b,5,-11010101100000010111010101011011100110001,True
elliptic,2,2,b,6,1101100010110010010111110001111001100010,True
elliptic,2,2,b,7,-11111101110111000001001010110001010110,True
elliptic,2,2,b,8,100000110110100110100101011001001001,True
elliptic,2,2,a,0,1000000000000000000000000000000000000000000000,True
elliptic,2,2,a,1,-111110001111110110000010001101111001000011111110,True
elliptic,2,2,a,2,11010101010000111111011111110000110000011110010000,True
elliptic,2,2,a,3,-110100100001010011001110011111110111001011101100110,True
elliptic,2,2,a,4,1000001000100110001101001000000011100101000101111001,True
elliptic,2,2,a,5,-110011111011001011100101100001110011000010101111110,True
elliptic,2,2,a,6,11010000011101001011001100010100111100001101010110,True
elliptic,2,2,a,7,-111100001001110101111011110011001110011010100010,True
elliptic,2,2,a,8,111101001001010110001000110100111101000010100,True
elliptic,2,3,b,0,1000010010010010001001100110011010010,True
elliptic,2,3,b,1,-111110101110110101000010101111110010001,True
elliptic,2,3,b,2,11010011000111000000010110001000011001001,True
elliptic,2,3,b,3,-110011100011010000011111000111000011011001,True
elliptic,2,3,b,4,111111111011111001101100100110100000000101,True
elliptic,2,3,b,5,-110011100011010000011111000111000011011001,True
elliptic,2,3,b,6,11010011000111000000010110001000011001001,True
elliptic,2,3,b,7,-111110101110110101000010101111110010001,True
elliptic,2,3,b,8,1000010010010010001001100110011010010,True
elliptic,2,3,a,0,10000000000000000000000000000000000000000000000,True
elliptic,2,3,a,1,-1111010101100010000001001100011001000101011010011,True
elliptic,2,3,a,2,110011111111001000010110101001101111011100110101000,True
elliptic,2,3,a,3,-1100101101101101010001100110010100101100111101000010,True
elliptic,2,3,a,4,1111101100111001111100011101100000100101100101101100,True
elliptic,2,3,a,5,-1100100010000110010000001011010101011011000011100001,True
elliptic,2,3,a,6,110010100000110111100111011010110100011110010100101,True
elliptic,2,3,a,7,-1110101100000111100011101101101110011001010000111,True
elliptic,2,3,a,8,1111000110110011100010110001010101011011010000,True
elliptic,3,1,b,0,1000011010100101111101111111100010010,True
elliptic,3,1,b,1,-111101101011101110100010000010101110100,True
elliptic,3,1,b,2,11001010110111100101101111101111000110111,True
elliptic,3,1,b,3,-110000110111010001101111100001111001110101,True
elliptic,3,1,b,4,111100010100111100101111001000101100011110,True
elliptic,3,1,b,5,-110000110111010001101111100001111001110101,True
elliptic,3,1,b,6,11001010110111100101101111101111000110111,True
elliptic,3,1,b,7,-111101101011101110100010000010101110100,True
elliptic,3,1,b,8,1000011010100101111101111111100010010,True
elliptic,3,1,a,0,10000000000000000000000000000000000000000000000,True
elliptic,3,1,a,1,-1110111111010010100010010111101110000001010011000,True
elliptic,3,1,a,2,110001111110101110011111011101110100110110000010110,True
elliptic,3,1,a,3,-1100000110001011001011001010000000100010000111100101,True
elliptic,3,1,a,4,1110110111100110010101101000011111101111111010110111,True
elliptic,3,1,a,5,-1011111000010010000111110110100000100100110110101010,True
elliptic,3,1,a,6,110000001100111101111000011101101110111011010100110,True
elliptic,3,1,a,7,-1110001100100100110111010110011010001101110011100,True
elliptic,3,1,a,8,1110111000011110001001001011110101100000110010,True
elliptic,3,2,b,0,1000101000111110010001000010011110010,True
elliptic,3,2,b,1,-111100001001011101011011001011001100001,True
elliptic,3,2,b,2,10111110110000111110111100101101110000110,True
elliptic,3,2,b,3,-101100111101110011000010101101010100011110,True
elliptic,3,2,b,4,110111000111100001100000010100011001010000,True
elliptic,3,2,b,5,-101100111101110011000010101101010100011110,True
elliptic,3,2,b,6,10111110110000111110111100101101110000110,True
elliptic,3,2,b,7,-111100001001011101011011001011001100001,True
elliptic,3,2,b,8,1000101000111110010001000010011110010,True
elliptic,3,2,a,0,10000000000000000000000000000000000000000000000,True
elliptic,3,2,a,1,-1110011100111111111010101111101111000101110010111,True
elliptic,3,2,a,2,101110111110111011110000001100110000000010101011101,True
elliptic,3,2,a,3,-1011001100010101110110101100001001000101110010000000,True
elliptic,3,2,a,4,1101101010100100001100100110110101010000011011100000,True
elliptic,3,2,a,5,-1010111100001011110000110100010100000110001110100001,True
elliptic,3,2,a,6,101100111000110100100010010110100000101101100101111,True
elliptic,3,2,a,7,-1101011111110100001001010010110111000100101111111,True
elliptic,3,2,a,8,1110100110101101101101011101101110010001001110,True
elliptic,3,3,b,0,1001000001010011011110111001010001111,True
elliptic,3,3,b,1,-111001110101001110111000101101000000100,True
elliptic,3,3,b,2,10101101001101101100111111110000010000101,True
elliptic,3,3,b,3,-100111011101110110010101010000110011000110,True
elliptic,3,3,b,4,101111110101100100101100111100100110010110,True
elliptic,3,3,b,5,-100111011101110110010101010000110011000110,True
elliptic,3,3,b,6,10101101001101101100111111110000010000101,True
elliptic,3,3,b,7,-111001110101001110111000101101000000100,True
elliptic,3,3,b,8,1001000001010011011110111001010001111,True
elliptic,3,3,a,0,10000000000000000000000000000000000000000000000,True
elliptic,3,3,a,1,-1101101000010001011100011000111010110110011010111,True
elliptic,3,3,a,2,101010100110000001111111101011011111010101000010001,True
elliptic,3,3,a,3,-1001111010000100010111111111101000100100110111010010,True
elliptic,3,3,a,4,1011111110100100110001101100011011010000100010011010,True
elliptic,3,3,a,5,-1001101000000110011110000001100111011111101010011110,True
elliptic,3,3,a,6,101000001101101110111100001110101110001011100101001,True
elliptic,3,3,a,7,-1100100000001101100011101100101010100111100110110,True
elliptic,3,3,a,8,1110010000110100001010010100001011010001001010,True
elliptic,4,1,b,0,1001101001111011011100100100000010001,True
elliptic,4,1,b,1,-110110001101011010100101011100001100101,True
elliptic,4,1,b,2,10010100011011001010010111011010110000100,True
elliptic,4,1,b,3,-100000000100111101000111110000000110100001,True
elliptic,4,1,b,4,100110001101111000101000010100111101111101,True
elliptic,4,1,b,5,-100000000100111101000111110000000110100001,True
elliptic,4,1,b,6,10010100011011001010010111011010110000100,True
elliptic,4,1,b,7,-110110001101011010100101011100001100101,True
elliptic,4,1,b,8,1001101001111011011100100100000010001,True
elliptic,4,1,a,0,10000000000000000000000000000000000000000000000,True
elliptic,4,1,a,1,-1100010111101111011111101000101010110000100110011,True
elliptic,4,1,a,2,100100011001000000010001001110000101000110101111010,True
elliptic,4,1,a,3,-1000001010100000011101011001010101100101101001000110,True
elliptic,4,1,a,4,1001101110111000101100010101110001100111001001101000,True
elliptic,4,1,a,5,-111110111111011000000001101001011101010111000100100,True
elliptic,4,1,a,6,100001110110010001001110010010101010010011000001010,True
elliptic,4,1,a,7,-1011000110001110110010100111000101110010111101000,True
elliptic,4,1,a,8,1101110101111101010001010011010111100110010110,True
elliptic,4,2,b,0,10101011010101101110001011101010111011,True
elliptic,4,2,b,1,-1100000100111000000001010000111101000100,True
elliptic,4,2,b,2,11100110010000101100101000011111100110111,True
elliptic,4,2,b,3,-101101110111101011100011101110111010010100,True
elliptic,4,2,b,4,110101010011111011110100000010111011111100,True
elliptic,4,2,b,5,-101101110111101011100011101110111010010100,True
elliptic,4,2,b,6,11100110010000101100101000011111100110111,True
elliptic,4,2,b,7,-1100000100111000000001010000111101000100,True
elliptic,4,2,b,8,10101011010101101110001011101010111011,True
elliptic,4,2,a,0,100000000000000000000000000000000000000000000000,True
elliptic,4,2,a,1,-10100111100100110111000111010110101000101001101001,True
elliptic,4,2,a,2,111000010101001011110000001100111111110101011100101,True
elliptic,4,2,a,3,-1011111101100111111110000100010001000001011000101010,True
elliptic,4,2,a,4,1101111111011100110101011010100101111110000111010110,True
elliptic,4,2,a,5,-1011011011011110110110011110110110101110111001100010,True
elliptic,4,2,a,6,110011011010110010000010011010011110011111111101100,True
elliptic,4,2,a,7,-10010010001000101100001001101101011001101110001101,True
elliptic,4,2,a,8,11010101010011111111111000100010010110011100001,True
elliptic,4,3,b,0,11000111010111000011110111001100001110,True
elliptic,4,3,b,1,-1001100100010100001010111111000001001011,True
elliptic,4,3,b,2,10010101001110000001100101111011111001011,True
elliptic,4,3,b,3,-11010001010000001100001110110000010001100,True
elliptic,4,3,b,4,11101101111110010011011111110101010110001,True
elliptic,4,3,b,5,-11010001010000001100001110110000010001100,True
elliptic,4,3,b,6,10010101001110000001100101111011111001011,True
elliptic,4,3,b,7,-1001100100010100001010111111000001001011,True
elliptic,4,3,b,8,11000111010111000011110111001100001110,True
elliptic,4,3,a,0,100000000000000000000000000000000000000000000000,True
elliptic,4,3,a,1,-1111010110011100010010001101010111001101110000101,True
elliptic,4,3,a,2,100101000000001100110100001101001110101100011000101,True
elliptic,4,3,a,3,-111001001111000110000001110100000001100011110101011,True
elliptic,4,3,a,4,1000001111101010001110000100110100010100000000000010,True
elliptic,4,3,a,5,-110110000010101101001111001110011000000001010111011,True
elliptic,4,3,a,6,100000111111010000111100100110000110011111110101100,True
elliptic,4,3,a,7,-1100111010110001001101110111011110010011100010010,True
elliptic,4,3,a,8,11001011011100010110000110100111010111111011101,True
elliptic,5,1,b,0,1111011001100011101001010001111100101100,True
elliptic,5,1,b,1,-10100101011110011011111101111110101111001,True
elliptic,5,1,b,2,100011000100101011111001111000111100111101,True
elliptic,5,1,b,3,-100100010100010001110000011011110010010001,True
elliptic,5,1,b,4,110001011001111110010101111011101100111000,True
elliptic,5,1,b,5,-100100010100010001110000011011110010010001,True
elliptic,5,1,b,6,100011000100101011111001111000111100111101,True
elliptic,5,1,b,7,-10100101011110011011111101111110101111001,True
elliptic,5,1,b,8,1111011001100011101001010001111100101100,True
elliptic,5,1,a,0,10000000000000000000000000000000000000000000000000,True
elliptic,5,1,a,1,-11101101000100100111011000000011000101110100001000,True
elliptic,5,1,a,2,1001110100110001001101000110111011000101101011100010,True
elliptic,5,1,a,3,-1010111101001000000011100001001100001110111011011001,True
elliptic,5,1,a,4,1110111000001010101100010011011011001100110001111010,True
elliptic,5,1,a,5,-1010001100010110001000101000001100010000110011010000,True
elliptic,5,1,a,6,1000100000011101110011110100100001011100111000011001,True
elliptic,5,1,a,7,-10111110101111110000101000001111110001011101001111,True
elliptic,5,1,a,8,1011111110101001110110010111001101111011111100001,True
elliptic,5,2,b,0,10100011011010010111010110010000001101111,True
elliptic,5,2,b,1,1010001101011010001010101011110010011111,True
elliptic,5,2,b,2,10010010100010100111110110111110001101011,True
elliptic,5,2,b,3,1011111110011110111110011101111110101111,True
elliptic,5,2,b,4,100010100001101111001110000100001011010100,True
elliptic,5,2,b,5,1011111110011110111110011101111110101111,True
elliptic,5,2,b,6,10010010100010100111110110111110001101011,True
elliptic,5,2,b,7,1010001101011010001010101011110010011111,True
elliptic,5,2,b,8,10100011011010010111010110010000001101111,True
elliptic,5,2,a,0,10000000000000000000000000000000000000000000000000,True
elliptic,5,2,a,1,1100100001000000110011010011010010101000001101001,True
elliptic,5,2,a,2,111011100110101110011011011011111001101001000011011,True
elliptic,5,2,a,3,100001110001101110111110010101111110111110001100101,True
elliptic,5,2,a,4,1010010010001011000011010011101111100001001000101010,True
elliptic,5,2,a,5,11110110110101101100000011000010110001110101111101,True
elliptic,5,2,a,6,110001110010100110101001010111001101001110011000101,True
elliptic,5,2,a,7,1001100000111111111011101110100010011110010001100,True
elliptic,5,2,a,8,1011000111001101100110011010011001111011100010000,True
elliptic,5,3,b,0,1110101000110000011001110001100001010001,True
elliptic,5,3,b,1,11110110110011111000101110000001001100000,True
elliptic,5,3,b,2,11101110110010110101001010010111011010011,True
elliptic,5,3,b,3,100011001111001110010111101011100100010100,True
elliptic,5,3,b,4,101101101001100001111101011110011010110000,True
elliptic,5,3,b,5,100011001111001110010111101011100100010100,True
elliptic,5,3,b,6,11101110110010110101001010010111011010011,True
elliptic,5,3,b,7,11110110110011111000101110000001001100000,True
elliptic,5,3,b,8,1110101000110000011001110001100001010001,True
elliptic,5,3,a,0,1000000000000000000000000000000000000000000000000,True
elliptic,5,3,a,1,11110111001010100110010110111011100000011111110110,True
elliptic,5,3,a,2,1000111110011100010010111111001001000001101110001011,True
elliptic,5,3,a,3,1101100100100010011010101100111000111000100010001101,True
elliptic,5,3,a,4,1111000111110000101111101010101011001010010100001001,True
elliptic,5,3,a,5,1100000110101000100001000101010100000010100001100110,True
elliptic,5,3,a,6,111001000110011100000101000001001001101101000101100,True
elliptic,5,3,a,7,10101110111100111010011110101001101011111111110000,True
elliptic,5,3,a,8,101000011100100011100110100000110100111011101010,True
